Workbook

Sheet Inputs
A1: SKU ID | B1: Average demand (units/day or week) | C1: Demand standard deviation | D1: Lead time (days) | E1: Lead time standard deviation | F1: Target service level (e.g., 95%, 98%, 99%) | H1: Demand assumed to be normally distributed. Lead time expressed in days.
A2: RTU-3TON | B2: 8 | C2: 3 | D2: 21 | E2: 4 | F2: 0.98
A3: RTU-5TON | B3: 5 | C3: 2 | D3: 28 | E3: 5 | F3: 0.98
A4: AHU-SMALL | B4: 3 | C4: 1.5 | D4: 35 | E4: 6 | F4: 0.95
A5: FURN-80KBTU | B5: 6 | C5: 2.5 | D5: 30 | E5: 5 | F5: 0.98
A6: COND-3TON | B6: 10 | C6: 4 | D6: 18 | E6: 3 | F6: 0.99
A7: COND-5TON | B7: 7 | C7: 3 | D7: 22 | E7: 4 | F7: 0.99
A8: COMP-3TON | B8: 4 | C8: 2 | D8: 45 | E8: 8 | F8: 0.99
A9: COMP-5TON | B9: 2 | C9: 1.5 | D9: 50 | E9: 10 | F9: 0.99
A10: COIL-EVAP | B10: 12 | C10: 5 | D10: 14 | E10: 2 | F10: 0.98
A11: COIL-COND | B11: 9 | C11: 4 | D11: 16 | E11: 3 | F11: 0.98
A12: MOTOR-ECM | B12: 15 | C12: 6 | D12: 12 | E12: 2 | F12: 0.98
A13: BLOWER-ASSY | B13: 6 | C13: 3 | D13: 20 | E13: 4 | F13: 0.95
... A16: FILTER-MERV13 | B16: 50 | C16: 15 | D16: 5 | E16: 1 | F16: 0.95

Sheet Calculations
A1: SKU ID | B1: Avg demand per day (μD) | C1: Lead time (days) (LT) | D1: Lead time std dev (σLT) | E1: Reorder point logic (placeholder) | F1: Service Level | G1: Z | H1: Demand during LT (μLT) | I1: Std dev during LT (σLT_demand) | J1: Safety stock (SS) | K1: Reorder point (ROP) | M1: Service Level | N1: Z
A2: =Inputs!A2 -> RTU-3TON | B2: =Inputs!B2 -> 8 | C2: =Inputs!C2 -> 3 | D2: =Inputs!D2 -> 21 | E2: =Inputs!E2 -> 4 | F2: =Inputs!F2 -> 0.98 | G2: =_xlfn.XLOOKUP(F2,$M$2:$M$5,$N$2:$N$5,,0) -> 2.054 | H2: =B2*D2 -> 168 | I2: =SQRT((D2*(C2^2)) + ((B2^2)*(E2^2))) -> 34.82815 | J2: =G2*I2 -> 71.537019 | K2: =H2+J2 -> 239.53702 | M2: 0.9 | N2: 1.282
A3: =Inputs!A3 -> RTU-5TON | B3: =Inputs!B3 -> 5 | C3: =Inputs!C3 -> 2 | D3: =Inputs!D3 -> 28 | E3: =Inputs!E3 -> 5 | F3: =Inputs!F3 -> 0.98 | G3: =_xlfn.XLOOKUP(F3,$M$2:$M$5,$N$2:$N$5,,0) -> 2.054 | H3: =B3*D3 -> 140 | I3: =SQRT((D3*(C3^2)) + ((B3^2)*(E3^2))) -> 27.147744 | J3: =G3*I3 -> 55.761466 | K3: =H3+J3 -> 195.76147 | M3: 0.95 | N3: 1.645
A4: =Inputs!A4 -> AHU-SMALL | B4: =Inputs!B4 -> 3 | C4: =Inputs!C4 -> 1.5 | D4: =Inputs!D4 -> 35 | E4: =Inputs!E4 -> 6 | F4: =Inputs!F4 -> 0.95 | G4: =_xlfn.XLOOKUP(F4,$M$2:$M$5,$N$2:$N$5,,0) -> 1.645 | H4: =B4*D4 -> 105 | I4: =SQRT((D4*(C4^2)) + ((B4^2)*(E4^2))) -> 20.068632 | J4: =G4*I4 -> 33.0129 | K4: =H4+J4 -> 138.0129 | M4: 0.98 | N4: 2.054
A5: =Inputs!A5 -> FURN-80KBTU | B5: =Inputs!B5 -> 6 | C5: =Inputs!C5 -> 2.5 | D5: =Inputs!D5 -> 30 | E5: =Inputs!E5 -> 5 | F5: =Inputs!F5 -> 0.98 | G5: =_xlfn.XLOOKUP(F5,$M$2:$M$5,$N$2:$N$5,,0) -> 2.054 | H5: =B5*D5 -> 180 | I5: =SQRT((D5*(C5^2)) + ((B5^2)*(E5^2))) -> 32.977265 | J5: =G5*I5 -> 67.735302 | K5: =H5+J5 -> 247.7353 | M5: 0.99 | N5: 2.326
A6: =Inputs!A6 -> COND-3TON | B6: =Inputs!B6 -> 10 | C6: =Inputs!C6 -> 4 | D6: =Inputs!D6 -> 18 | E6: =Inputs!E6 -> 3 | F6: =Inputs!F6 -> 0.99 | G6: =_xlfn.XLOOKUP(F6,$M$2:$M$5,$N$2:$N$5,,0) -> 2.326 | H6: =B6*D6 -> 180 | I6: =SQRT((D6*(C6^2)) + ((B6^2)*(E6^2))) -> 34.467376 | J6: =G6*I6 -> 80.171116 | K6: =H6+J6 -> 260.17112
A7: =Inputs!A7 -> COND-5TON | B7: =Inputs!B7 -> 7 | C7: =Inputs!C7 -> 3 | D7: =Inputs!D7 -> 22 | E7: =Inputs!E7 -> 4 | F7: =Inputs!F7 -> 0.99 | G7: =_xlfn.XLOOKUP(F7,$M$2:$M$5,$N$2:$N$5,,0) -> 2.326 | H7: =B7*D7 -> 154 | I7: =SQRT((D7*(C7^2)) + ((B7^2)*(E7^2))) -> 31.336879 | J7: =G7*I7 -> 72.889581 | K7: =H7+J7 -> 226.88958
A8: =Inputs!A8 -> COMP-3TON | B8: =Inputs!B8 -> 4 | C8: =Inputs!C8 -> 2 | D8: =Inputs!D8 -> 45 | E8: =Inputs!E8 -> 8 | F8: =Inputs!F8 -> 0.99 | G8: =_xlfn.XLOOKUP(F8,$M$2:$M$5,$N$2:$N$5,,0) -> 2.326 | H8: =B8*D8 -> 180 | I8: =SQRT((D8*(C8^2)) + ((B8^2)*(E8^2))) -> 34.698703 | J8: =G8*I8 -> 80.709184 | K8: =H8+J8 -> 260.70918
A9: =Inputs!A9 -> COMP-5TON | B9: =Inputs!B9 -> 2 | C9: =Inputs!C9 -> 1.5 | D9: =Inputs!D9 -> 50 | E9: =Inputs!E9 -> 10 | F9: =Inputs!F9 -> 0.99 | G9: =_xlfn.XLOOKUP(F9,$M$2:$M$5,$N$2:$N$5,,0) -> 2.326 | H9: =B9*D9 -> 100 | I9: =SQRT((D9*(C9^2)) + ((B9^2)*(E9^2))) -> 22.638463 | J9: =G9*I9 -> 52.657065 | K9: =H9+J9 -> 152.65706
A10: =Inputs!A10 -> COIL-EVAP | B10: =Inputs!B10 -> 12 | C10: =Inputs!C10 -> 5 | D10: =Inputs!D10 -> 14 | E10: =Inputs!E10 -> 2 | F10: =Inputs!F10 -> 0.98 | G10: =_xlfn.XLOOKUP(F10,$M$2:$M$5,$N$2:$N$5,,0) -> 2.054 | H10: =B10*D10 -> 168 | I10: =SQRT((D10*(C10^2)) + ((B10^2)*(E10^2))) -> 30.430248 | J10: =G10*I10 -> 62.50373 | K10: =H10+J10 -> 230.50373
A11: =Inputs!A11 -> COIL-COND | B11: =Inputs!B11 -> 9 | C11: =Inputs!C11 -> 4 | D11: =Inputs!D11 -> 16 | E11: =Inputs!E11 -> 3 | F11: =Inputs!F11 -> 0.98 | G11: =_xlfn.XLOOKUP(F11,$M$2:$M$5,$N$2:$N$5,,0) -> 2.054 | H11: =B11*D11 -> 144 | I11: =SQRT((D11*(C11^2)) + ((B11^2)*(E11^2))) -> 31.38471 | J11: =G11*I11 -> 64.464194 | K11: =H11+J11 -> 208.46419
A12: =Inputs!A12 -> MOTOR-ECM | B12: =Inputs!B12 -> 15 | C12: =Inputs!C12 -> 6 | D12: =Inputs!D12 -> 12 | E12: =Inputs!E12 -> 2 | F12: =Inputs!F12 -> 0.98 | G12: =_xlfn.XLOOKUP(F12,$M$2:$M$5,$N$2:$N$5,,0) -> 2.054 | H12: =B12*D12 -> 180 | I12: =SQRT((D12*(C12^2)) + ((B12^2)*(E12^2))) -> 36.496575 | J12: =G12*I12 -> 74.963965 | K12: =H12+J12 -> 254.96397
A13: =Inputs!A13 -> BLOWER-ASSY | B13: =Inputs!B13 -> 6 | C13: =Inputs!C13 -> 3 | D13: =Inputs!D13 -> 20 | E13: =Inputs!E13 -> 4 | F13: =Inputs!F13 -> 0.95 | G13: =_xlfn.XLOOKUP(F13,$M$2:$M$5,$N$2:$N$5,,0) -> 1.645 | H13: =B13*D13 -> 120 | I13: =SQRT((D13*(C13^2)) + ((B13^2)*(E13^2))) -> 27.495454 | J13: =G13*I13 -> 45.230022 | K13: =H13+J13 -> 165.23002
A14: =Inputs!A14 -> CONTROL-BOARD | B14: =Inputs!B14 -> 20 | C14: =Inputs!C14 -> 8 | D14: =Inputs!D14 -> 10 | E14: =Inputs!E14 -> 1.5 | F14: =Inputs!F14 -> 0.99 | G14: =_xlfn.XLOOKUP(F14,$M$2:$M$5,$N$2:$N$5,,0) -> 2.326 | H14: =B14*D14 -> 200 | I14: =SQRT((D14*(C14^2)) + ((B14^2)*(E14^2))) -> 39.242834 | J14: =G14*I14 -> 91.278831 | K14: =H14+J14 -> 291.27883
A15: =Inputs!A15 -> THERM-STAT | B15: =Inputs!B15 -> 30 | C15: =Inputs!C15 -> 10 | D15: =Inputs!D15 -> 7 | E15: =Inputs!E15 -> 1 | F15: =Inputs!F15 -> 0.95 | G15: =_xlfn.XLOOKUP(F15,$M$2:$M$5,$N$2:$N$5,,0) -> 1.645 | H15: =B15*D15 -> 210 | I15: =SQRT((D15*(C15^2)) + ((B15^2)*(E15^2))) -> 40 | J15: =G15*I15 -> 65.8 | K15: =H15+J15 -> 275.8
A16: =Inputs!A16 -> FILTER-MERV13 | B16: =Inputs!B16 -> 50 | C16: =Inputs!C16 -> 15 | D16: =Inputs!D16 -> 5 | E16: =Inputs!E16 -> 1 | F16: =Inputs!F16 -> 0.95 | G16: =_xlfn.XLOOKUP(F16,$M$2:$M$5,$N$2:$N$5,,0) -> 1.645 | H16: =B16*D16 -> 250 | I16: =SQRT((D16*(C16^2)) + ((B16^2)*(E16^2))) -> 60.207973 | J16: =G16*I16 -> 99.042115 | K16: =H16+J16 -> 349.04212
A18: Calculations incorporate both demand variability and lead-time variability using a combined variance approach. Service level is converted to Z-score using standardized policy tiers.

Sheet Outputs
A1: SKU ID | B1: Safety stock units | C1: Reorder point | D1: Inventory investment impact | E1: Service level comparison (e.g., 95 vs 99) | G1: Incremental inventory vs baseline service level
A2: =Calculations!A2 -> RTU-3TON | B2: =Calculations!J2 -> 71.537019 | C2: =Calculations!K2 -> 239.53702
A3: =Calculations!A3 -> RTU-5TON | B3: =Calculations!J3 -> 55.761466 | C3: =Calculations!K3 -> 195.76147 | G3: SKU | H3: Baseline SL | I3: Baseline Z | J3: Baseline SS | K3: Baseline ROP | L3: Scenario SL | M3: Scenario Z | N3: Scenario SS | O3: Scenario ROP | P3: Safety Stock (Scenario - Base) | Q3: ROP (Scenario - Base) | R3: σLT_demand | S3: μLT
A4: =Calculations!A4 -> AHU-SMALL | B4: =Calculations!J4 -> 33.0129 | C4: =Calculations!K4 -> 138.0129 | G4: COMP-5TON | H4: =_xlfn.XLOOKUP($G4,Calculations!$A:$A,Calculations!$F:$F) -> 0.99 | I4: =_xlfn.XLOOKUP($G4,Calculations!$A:$A,Calculations!$G:$G) -> 2.326 | J4: =_xlfn.XLOOKUP($G4,Calculations!$A:$A,Calculations!$J:$J) -> 52.657065 | K4: =_xlfn.XLOOKUP($G4,Calculations!$A:$A,Calculations!$K:$K) -> 152.65706 | L4: 0.99 | M4: =_xlfn.XLOOKUP(L4,Calculations!$M$2:$M$5,Calculations!$N$2:$N$5,,0) -> 2.326 | N4: =M4*R4 -> 52.657065 | O4: =S4+N4 -> 152.65706 | P4: =N4-J4 -> 0 | Q4: =O4-K4 -> 0 | R4: =_xlfn.XLOOKUP($G4,Calculations!$A:$A,Calculations!$I:$I) -> 22.638463 | S4: =_xlfn.XLOOKUP($G4,Calculations!$A:$A,Calculations!$H:$H) -> 100
A5: =Calculations!A5 -> FURN-80KBTU | B5: =Calculations!J5 -> 67.735302 | C5: =Calculations!K5 -> 247.7353 | G5: THERM-STAT | H5: =_xlfn.XLOOKUP($G5,Calculations!$A:$A,Calculations!$F:$F) -> 0.95 | I5: =_xlfn.XLOOKUP($G5,Calculations!$A:$A,Calculations!$G:$G) -> 1.645 | J5: =_xlfn.XLOOKUP($G5,Calculations!$A:$A,Calculations!$J:$J) -> 65.8 | K5: =_xlfn.XLOOKUP($G5,Calculations!$A:$A,Calculations!$K:$K) -> 275.8 | L5: 0.99 | M5: =_xlfn.XLOOKUP(L5,Calculations!$M$2:$M$5,Calculations!$N$2:$N$5,,0) -> 2.326 | N5: =M5*R5 -> 93.04 | O5: =S5+N5 -> 303.04 | P5: =N5-J5 -> 27.24 | Q5: =O5-K5 -> 27.24 | R5: =_xlfn.XLOOKUP($G5,Calculations!$A:$A,Calculations!$I:$I) -> 40 | S5: =_xlfn.XLOOKUP($G5,Calculations!$A:$A,Calculations!$H:$H) -> 210
A6: =Calculations!A6 -> COND-3TON | B6: =Calculations!J6 -> 80.171116 | C6: =Calculations!K6 -> 260.17112
A7: =Calculations!A7 -> COND-5TON | B7: =Calculations!J7 -> 72.889581 | C7: =Calculations!K7 -> 226.88958
A8: =Calculations!A8 -> COMP-3TON | B8: =Calculations!J8 -> 80.709184 | C8: =Calculations!K8 -> 260.70918 | H8: A service-level increase from 95% to 99% produces very different inventory impacts depending on SKU risk profile. For long-lead-time, high-risk components already set at 99% service, incremental inventory is zero. In contrast, high-volume, short-lead-time items experience material safety stock growth driven by demand variability. This illustrates why service-level policy must be segmented and aligned cross-functionally rather than applied uniformly.
A9: =Calculations!A9 -> COMP-5TON | B9: =Calculations!J9 -> 52.657065 | C9: =Calculations!K9 -> 152.65706
A10: =Calculations!A10 -> COIL-EVAP | B10: =Calculations!J10 -> 62.50373 | C10: =Calculations!K10 -> 230.50373
A11: =Calculations!A11 -> COIL-COND | B11: =Calculations!J11 -> 64.464194 | C11: =Calculations!K11 -> 208.46419
A12: =Calculations!A12 -> MOTOR-ECM | B12: =Calculations!J12 -> 74.963965 | C12: =Calculations!K12 -> 254.96397
A13: =Calculations!A13 -> BLOWER-ASSY | B13: =Calculations!J13 -> 45.230022 | C13: =Calculations!K13 -> 165.23002
A14: =Calculations!A14 -> CONTROL-BOARD | B14: =Calculations!J14 -> 91.278831 | C14: =Calculations!K14 -> 291.27883
A15: =Calculations!A15 -> THERM-STAT | B15: =Calculations!J15 -> 65.8 | C15: =Calculations!K15 -> 275.8
A16: =Calculations!A16 -> FILTER-MERV13 | B16: =Calculations!J16 -> 99.042115 | C16: =Calculations!K16 -> 349.04212
A21: Service-Level Tradeoff Analysis
A24: Increasing service levels has materially different inventory impacts depending on SKU risk profile. Long-lead-time, high-risk components may already operate at maximum service levels with no incremental inventory, while high-volume items experience significant safety stock growth driven by demand variability. This reinforces the need for segmented, cross-functional service-level policy rather than uniform targets.
